{
    "order": [
        2,
        1,
        1
    ],
    "rmse": 1334.6183247435358,
    "mape": 0.3901765963670884,
    "aic": 24913.990098836533,
    "last_training_date": "2025-04-17",
    "model_file": "../Artifacts/arima_eth_20250419.pkl"
}